city,name,latitude,longitude,address,rating,user_ratings_total
Adana,Adana Cinema Museum,36.9884576,35.3319615,"Kayalıbağ, Seyhan Cd., 01010 Seyhan/Adana, Türkiye",4.4,2367
Adana,Stone Bridge,36.986283,35.33504509999999,"Sinanpaşa, 01220 Yüreğir/Adana, Türkiye",4.6,14104
Adana,Great Clock Tower,36.9839256,35.3302028,"Tarihi Büyük Saat Kulesi önü, 01000 Seyhan/Adana, Türkiye",4.6,5817
Adana,Seyhan Merkez Park,36.9959356,35.3344466,"Reşatbey, Doğa Park, 01120 Seyhan/Adana, Türkiye",4.4,13251
Adana,Ataturk Park,36.996799,35.3231907,"Kurtuluş, 01130 Seyhan/Adana, Türkiye",4.4,10474
Adana,Natural Park,37.0465887,35.2930661,"Toros, 01170 Çukurova/Adana, Türkiye",4.2,1611
Adana,Sabanci Central Mosque,36.9915814,35.3342198,"Reşatbey, Turhan Cemal Beriker Blv., 01120 Seyhan/Adana, Türkiye",4.8,6184
Adana,Tarihi Kazancilar Çarşısı,36.9836252,35.3283999,"Sarıyakup, 23002. Sk., 01020 Seyhan/Adana, Türkiye",4.5,1423
Adana,Ziyapaşa Parkı,36.98419,35.3307622,"Ulucami, 25007. Sk. No:4, 01010 Seyhan/Adana, Türkiye",4.3,127
Adana,Ataturk Scientific & Cultural Museum,36.9886528,35.3318527,"Ulucami, Seyhan Cd. No:59, 01010 Seyhan/Adana, Türkiye",4.3,54
Adana,Adana Etnografya Müzesi,36.9896859,35.3231529,"Kuruköprü, Ziyapaşa Blv. No:118, 01060 Seyhan/Adana, Türkiye",4.2,158
Ankara,Museum of Anatolian Civilizations,39.9382042,32.8618958,"Kale, Gözcü Sk. No:2, 06240 Ulus/Altındağ/Ankara, Türkiye",4.7,13087
Ankara,Anıtkabir,39.9248825,32.8370786,"Mebusevleri, Akdeniz Cd. No:31, 06570 Çankaya/Ankara, Türkiye",4.9,121365
Ankara,Haci Bayram Mosque,39.9445053,32.8580019,"Hacı Bayram, Sarıbağ Sk. No:13, 06050 Altındağ/Ankara, Türkiye",4.8,20070
Ankara,Ankara Castle,39.9390359,32.8654212,"Kale, 06240 Altındağ/Ankara, Türkiye",4.4,18838
Ankara,Kuğulu Park,39.9020001,32.8601762,"Çankaya Kuğulu, Park, 06690 Çankaya/Ankara, Türkiye",4.5,21506
Ankara,Keçiören Falls,39.977982,32.866909,"Kalaba, Fatih Cd., 06120 Keçiören/Ankara, Türkiye",4.4,2416
Ankara,Ulucanlar Prison Museum,39.9376158,32.8730376,"Hacettepe, Ulucanlar Cd. No:63, 06030 Altındağ/Ankara, Türkiye",4.7,14741
Ankara,Masal Adası,39.9777756,32.5920309,"Yunus Emre, 371. Sk. 4 A, 06933 Sincan Osb/Sincan/Ankara, Türkiye",4.4,3653
Ankara,Ataturk Statue,39.9417863,32.8548263,"Anafartalar, Anafartalar Cd No:62, 06050 Altındağ/Ankara, Türkiye",4.4,24786
Ankara,Republic Museum (The Second Parliament Building),39.9412124,32.8517208,"Doğanbey, Cumhuriyet Cd. No:7, 06050 Altındağ/Ankara, Türkiye",4.8,6197
Ankara,50th Year Park,39.92382670000001,32.876334,"50. Yıl, 104. Sk. No:1, 06590 Çankaya/Ankara, Türkiye",4.4,6220
Ankara,Botanical Park,39.88760690000001,32.8560141,"Çankaya, Çankaya Cd. No:10/B, 06680 Çankaya/Ankara, Türkiye",4.6,8166
Ankara,Hamamönü old Ankara Houses,39.9317783,32.866988,"Hacettepe, Sarıkadı Sk. No:31, 06230 Altındağ/Ankara, Türkiye",4.6,3043
Ankara,Column of Julian,39.9433023,32.8561801,"Hacı Bayram, 06050 Altındağ/Ankara, Türkiye",4.6,153
Ankara,Independence Park,39.9274396,32.864004,"Fidanlık, Prof. Dr. Nusret Fişek Cd. No:39, 06420 Çankaya/Ankara, Türkiye",4.4,14041
Ankara,Erimtan Archaeology and Art Museum,39.9378624,32.8629962,"Kale, Gözcü Sk. No:10, 06240 Altındağ/Ankara, Türkiye",4.6,1345
Ankara,Esertepe Park,39.98844,32.8306686,"Ovacık, Yayla, Şht. Mustafa Ercigez Cd No:35, 06220 Keçiören/Ankara, Türkiye",4.1,2810
Ankara,METU Forest,39.8339899,32.8058155,"Oran, 06550 Çankaya/Ankara, Türkiye",4.5,6747
Ankara,Ankara Evi Park,39.9405767,32.8628493,"Kale, 06240 Altındağ/Ankara, Türkiye",4.4,970
Ankara,Hamamarkası Public Square,39.9341076,32.8645402,"Sakarya, 06230 Altındağ/Ankara, Türkiye",4.2,10
Antalya,Kaleici Panoramic Elevator,36.8859724,30.70157279999999,"Selçuk, 07100 Muratpaşa/Antalya, Türkiye",4.3,293
Antalya,Çiçekli Kaleiçi,36.88495229999999,30.7070386,"Barbaros, Civelek Sk. NO:11, 07100 Muratpaşa/Antalya, Türkiye",5.0,2
Antalya,Tophane bastion,36.8863531,30.7023839,"Selçuk, Cumhuriyet Meydanı Sk., 07100 Muratpaşa/Antalya, Türkiye",4.0,6
Antalya,Roman Harbour,36.8847732,30.70300009999999,"Selçuk, Ayazma Sk. No:206, 07100 Muratpaşa/Antalya, Türkiye",4.6,199
Antalya,Antalia Port,36.8835503,30.7020088,"Selçuk, Kordon Sk. No:38, 07100 Yatlimanı/Antalya, Türkiye",4.9,10
Antalya,İşçi ve Oğul Heykeli,36.879162,30.7047439,"Haşimişcan, IŞIKLAR CAD, Park Sk. No:1, 07100 Muratpaşa/Antalya, Türkiye",5.0,9
Antalya,Antalya Archaeology Museum,36.8860194,30.6796556,"Bahçelievler, Konyaaltı Cd. No:88, 07050 Muratpaşa/Antalya, Türkiye",4.7,12154
Antalya,Upside down House,36.904974,30.817192,"Altıntaş, Kardeş Kentler Cd. No:15, 07400 Aksu/Antalya, Türkiye",4.2,3418
Antalya,Atatürk Kültür Parkı,36.88320909999999,30.6690722,"Meltem, Konyaaltı Plajı No:21399, 07030 Muratpaşa/Antalya, Türkiye",4.6,603
Antalya,Kecili Park viewing platform,36.8828377,30.703203,"Kılınçarslan, 07100 Muratpaşa/Antalya, Türkiye",4.6,70
Antalya,Yavuz Ozcan Park,36.8851665,30.6978829,"Bahçelievler, Deniz, Konyaaltı Cd. No:1, 07050 Muratpaşa/Antalya, Türkiye",4.5,4671
Antalya,Emba belek holidays,36.8859748,30.6980245,"Kışla mah. Güllük caddesi.selekler çarşı, B block , no:25, Muratpaşa, 07100 Muratpaşa/Antalya, Türkiye",5.0,6
Antalya,Mediterranean City Park,36.8770689,30.6597117,"Arapsuyu, Dumlupınar Blv. No:147, 07070 Konyaaltı/Antalya, Türkiye",4.6,2574
Antalya,Dervish Lodge Museum,36.8869309,30.7044214,"Selçuk, Selçuk Mah No:36, 07100 Muratpaşa/Antalya, Türkiye",4.7,145
Antalya,Umbrella street,36.8868897,30.7074888,"Tuzcular, 07100 Muratpaşa/Antalya, Türkiye",3.4,70
Antalya,Kecili Park,36.882957,30.703571,"Kılınçarslan, Civelek Sk. No:34, 07100 Muratpaşa/Antalya, Türkiye",4.6,195
Antalya,Demircikara waterfall,36.8730304,30.7154768,"Demircikara, 07100 Muratpaşa/Antalya, Türkiye",4.1,19
Antalya,Beach Park,36.876207,30.660529,"Dumlupınar Bulv., Konyaaaltı Koruluğu Yanı, Antalya Merkez, Antalya, Türkiye",4.7,1940
Bursa,Green Tomb,40.1815417,29.0749137,"Yeşil, 1. Yeşil Cd. 66-1, 16360 Yıldırım/Bursa, Türkiye",4.8,4497
Bursa,Koza Han,40.1844815,29.0635282,"Osmangazi, Uzunçarşı Cd., 16010 Osmangazi̇/Bursa, Türkiye",4.5,30948
Bursa,Tomb of Osman Gazi,40.1867258,29.0573573,"Osmangazi, Yiğitler Cd. No:4, 16040 Osmangazi̇/Bursa, Türkiye",4.8,6386
Bursa,Muradiye Complex,40.1906437,29.04593879999999,"Muradiye, Prf. Dr. Halil İnalcık Sk., 16050 Osmangazi̇/Bursa, Türkiye",4.8,2375
Bursa,Tophane Clock Tower,40.1875349,29.057522,"Osmangazi, Tophane Parkı, Yiğitler Cd., 16040 Osmangazi̇/Bursa, Türkiye",4.7,23474
Bursa,Bursa City Museum,40.1823757,29.0664314,"Hocaalizade, 6. Kültür Sk. No:8, 16010, 16010 Osmangazi̇/Bursa, Türkiye",4.7,3078
Bursa,Bursa Grand Mosque,40.1838595,29.0618687,"Nalbantoğlu, Ulucami Cd. No:2, 16010 Osmangazi̇/Bursa, Türkiye",4.9,40500
Bursa,Sultan's Mansion Museum,40.1741364,29.0650986,"Mollaarap, Köşk Cd. No:2, 16360 Yıldırım/Bursa, Türkiye",4.6,3234
Bursa,İnkaya Historical Plane Tree,40.1823442,29.0167205,"İnkaya, Uludağ Cd. No:163, 16370 Osmangazi̇/Bursa, Türkiye",4.4,25078
Bursa,Reşat Oyal Culture Park,40.1946716,29.0446745,"Gaziakdemir, Çekirge Cd. No:6, 16190 Osmangazi̇/Bursa, Türkiye",4.3,10480
Bursa,Kaplıkaya Growth Center,40.1767236,29.1261346,"Kaplıkaya, 16310 Yıldırım/Bursa, Türkiye",4.0,6162
Bursa,Bursa Archaeological Museum,40.1958261,29.0410039,"Gaziakdemir, Kültür Park, Çekirge Cd. 4/11 D:1, 16050 Osmangazi̇/Bursa, Türkiye",4.5,899
Bursa,Karagoz Museum,40.2018255,29.0273799,"Çekirge, Çekirge Cd. No:159, 16265 Osmangazi̇/Bursa, Türkiye",4.5,2056
Bursa,Heykel,40.182618,29.0668989,"Hocaalizade, Atatürk Cd., 16001 Osmangazi̇/Bursa, Türkiye",4.6,4198
Bursa,Han Brass,40.185713,29.0602839,"Şehreküstü, Altıparmak Cumhuriyet Cad, Bilecik Sokak No:31, 16050 Osmangazi̇/Bursa, Türkiye",4.2,5738
Bursa,Kestel Castle,40.2016691,29.2155018,"Kale, Narlık Cd. No:25, 16450 Kestel/Bursa, Türkiye",3.9,1065
Bursa,Küreklidere Falls,40.1532135,29.2030459,"Hamamlıkızık, 16370 Yıldırım/Bursa, Türkiye",4.3,1400
Bursa,Cumalikizik Village (UNESCO),40.1760661,29.1722094,"Cumalıkızık, 16370 Yıldırım/Bursa, Türkiye",4.4,1146
Bursa,Orhan Gazi Mosque,40.1838134,29.064025,"Nalbantoğlu, Uzunçarşı Cd. No:59 D:79, 16010 Osmangazi̇/Bursa, Türkiye",4.8,1002
Bursa,Viewpoint,40.1650532,29.1204301,"75. Yıl, 548C+25, 16310 Yıldırım/Bursa, Türkiye",4.9,11
Bursa,Temenyeri Park,40.1768952,29.0652509,"Karaağaç, Eşrefiler Sk. No:34, 16360 Yıldırım/Bursa, Türkiye",4.4,2319
Bursa,Inkaya historical plane tree 610 tree old,40.182361,29.016759,"İnkaya, Uludağ Cd. No:195, 16375 Osmangazi̇/Bursa, Türkiye",4.1,20
Bursa,Bursa,40.1720742,29.0834917,"Piremir, Teleferik, 16340 Yıldırım/Bursa, Türkiye",4.2,5
Istanbul,Topkapi Palace Museum,41.0115195,28.98337889999999,"Cankurtaran, 34122 Fatih/İstanbul, Türkiye",4.7,97907
Istanbul,Basilica Cistern,41.008359,28.9778409,"Alemdar, Yerebatan Cd. 1/3, 34110 Fatih/İstanbul, Türkiye",4.6,71977
Istanbul,Dolmabahçe Palace,41.0391643,29.0004594,"Vişnezade, Dolmabahçe Cd., 34357 Beşiktaş/İstanbul, Türkiye",4.7,78228
Istanbul,The Blue Mosque,41.0054096,28.9768138,"Binbirdirek, At Meydanı Cd No:10, 34122 Fatih/İstanbul, Türkiye",4.7,95936
Istanbul,Hagia Sophia Grand Mosque,41.008583,28.980175,"Sultan Ahmet, Ayasofya Meydanı No:1, 34122 Fatih/İstanbul, Türkiye",4.8,129725
Istanbul,Galata Tower,41.025569,28.9741286,"Bereketzade, 34421 Beyoğlu/İstanbul, Türkiye",4.7,173075
Istanbul,Dolmabahçe Palace,41.0382471,28.9970406,"Vişnezade, Dolmabahçe Cd. No:2, 34357 Beşiktaş/İstanbul, Türkiye",4.8,5405
Istanbul,Grand Bazaar,41.0106848,28.9680681,"Beyazıt, 34126 Fatih/İstanbul, Türkiye",4.4,150816
Istanbul,Beylerbeyi Palace,41.042501,29.0400503,"Beylerbeyi, Abdullahağa Cd., 34676 Üsküdar/İstanbul, Türkiye",4.7,15401
Istanbul,Istanbul Archaeological Museums,41.0116855,28.9813305,"Cankurtaran, 34122 Fatih/İstanbul, Türkiye",4.6,18022
Istanbul,Sultanahmet Square,41.0063286,28.9757051,"Binbirdirek, Sultan Ahmet Parkı No:2, 34122 Fatih/İstanbul, Türkiye",4.7,31679
Istanbul,Egyptian Bazaar,41.01650009999999,28.9705194,"Rüstem Paşa, 34116 Fatih/İstanbul, Türkiye",4.5,169182
Istanbul,Suleymaniye Mosque,41.016047,28.9639711,"Süleymaniye, Prof. Sıddık Sami Onar Cd. No:1, 34116 Fatih/İstanbul, Türkiye",4.9,53369
Istanbul,Gülhane Park,41.0133079,28.9815101,"Cankurtaran, Kennedy Cad., 34122 Fatih/İstanbul, Türkiye",4.7,61408
Istanbul,Kariye Mosque,41.031205,28.93918829999999,"Derviş Ali, Kariye Cami Sk. No:18, 34087 Fatih/İstanbul, Türkiye",4.4,6908
Istanbul,Bosfor İstanbul,41.0472703,29.0276719,"Ortaköy, Mecidiye Köprüsü Sk. No:1, 34347 Beşiktaş/İstanbul, Türkiye",4.8,265
Istanbul,Galata Bridge,41.02001550000001,28.9732201,"Kemankeş Karamustafa Paşa, Galata Köprüsü, 34425 Beyoğlu/İstanbul, Türkiye",4.6,33623
Istanbul,Dolmabahçe Clock Tower,41.0376927,28.9963223,"Vişnezade, Meclis-i Mebusan Cd. 38 A, 34357 Beşiktaş/İstanbul, Türkiye",4.7,7149
Istanbul,Beyazit Square,41.010462,28.963896,"Beyazıt, Ordu Cd., 34126 Fatih/İstanbul, Türkiye",4.5,25191
Istanbul,Cistern of Theodosius,41.0073894,28.9723925,"Binbirdirek, Piyer Loti Cd. No:2/1, 34122 Fatih/İstanbul, Türkiye",4.5,9094
Izmir,İzmir Historical Elevator Building,38.4086587,27.1176455,"Turgut Reis, Şht. Nihatbey Cd. 76/A, 35000 Konak/İzmir, Türkiye",4.6,25912
Izmir,Izmir Wildlife Park,38.49102,26.9636834,"Sasalı, Ahmet Piriştina Cd. No:3, 35620 Çiğli/İzmir, Türkiye",4.5,21037
Izmir,Clock Tower of İzmir,38.418869,27.1286678,"Kültür, Atatürk Cd., 35220 Konak/İzmir, Türkiye",4.7,22421
Izmir,İzmir Atatürk Anıtı,38.4288177,27.1343975,"Akdeniz, Cumhuriyet Blv No:3, 35210 Konak/İzmir, Türkiye",4.7,453
Izmir,İnciraltı Kent Ormanı,38.4080398,27.0637471,"Bahçelerarası, Engelliler Mrk. İçi Yolu, 35330 Balçova/İzmir, Türkiye",4.3,8718
Izmir,Arkas Art Center,38.4320199,27.1368178,"Kültür, 1380 . Sk. 3-1, 35230 Konak/İzmir, Türkiye",4.8,2175
Izmir,Izmir Archaeological and Ethnography Museum,38.4136506,27.1285874,"Konak Mahallesi, Bahri Baba Parkı, Halil Rıfat Paşa Cd. No:4, 35260 Konak/İzmir, Türkiye",4.4,2768
Izmir,Kemeraltı Bazaar,38.4186948,27.1330121,"Konak, Anafartalar Cd., 35250 Konak/İzmir, Türkiye",4.4,28109
Izmir,Ataturk Konak Square,38.4190856,27.1292337,"Konak, 35250 Konak/İzmir, Türkiye",4.6,7751
Izmir,Agora Ören Yeri,38.4198081,27.1385228,"Namazgah, Tarik Sari Sokağı No:29, 35240 Konak/İzmir, Türkiye",4.4,2319
Izmir,Agora of Smyrna,38.4183985,27.1389097,"Namazgah, Tarik Sari Sokağı No:29, 35240 Konak/İzmir, Türkiye",4.5,2926
Izmir,Varyant,38.4113075,27.1277775,"Fatih, Birleşmiş Milletler Cd., 35260 Konak/İzmir, Türkiye",4.6,287
Izmir,İZULAŞ A.Ş. İZMİR BALÇOVA TELEFERİK,38.3875794,27.0447762,"Teleferik, Sakarya Cd. No:131/A, 35330 Balçova/İzmir, Türkiye",4.4,4132
Izmir,Universal Children's Museum and Theme Park,38.4748007,27.0833072,"Yalı, Ahmet Kemal Baysak Bulvari No:1, 35550 Karşıyaka/İzmir, Türkiye",4.1,1768
Izmir,Güzelyali Park,38.397725,27.0829082,"Güzelyalı, 32. Sk. 1 C, 35290 Konak/İzmir, Türkiye",4.5,4736
Izmir,Izmir Cruise Pirs,38.4449603,27.1468541,"Umurbey, İzmir Limanı, 35230 Konak/İzmir, Türkiye",4.3,13
Izmir,Ataturk Museum,38.43565,27.1405196,"Alsancak Mh.,, Gündüğdu Caddesi No:242, 35220 Konak/İzmir, Türkiye",4.8,2197
Izmir,Arkas Marine Historical Center,38.4635037,27.2199369,"Erzene, 80. Sk. No:28, 35040 Bornova/İzmir, Türkiye",4.8,364
Izmir,Peace Steps,38.4096411,27.1189282,"Turgut Reis, Mithatpaşa Cd. No:187, 35280 Konak/İzmir, Türkiye",3.4,29
Izmir,History & Arts Museum,38.4362961,27.1481499,"Mimar Sinan, İzmir Kültür Sanat Fabrikası, 35220 Konak/İzmir, Türkiye",4.5,737
Konya,Mevlana Museum,37.8707281,32.504999,"Aziziye, Mevlana Cd. No:1, 42030 Karatay/Konya, Türkiye",4.7,64204
Konya,Konya Tropical Butterfly Garden,37.9483683,32.4615916,"Parsana, İsmail Kaya Cd. NO:244, 42250 Selçuklu/Konya, Türkiye",4.6,23453
Konya,Azizia Mosque,37.8699616,32.5008889,"Aziziye, Selimiye Cd. 9 B, 42030 Karatay/Konya, Türkiye",4.8,4698
Konya,Stone Works Museum of Fine Minaret,37.8728716,32.4899749,"Hamidiye, Alaaddin Blv., 42060 Selçuklu/Konya, Türkiye",4.6,1048
Konya,Around the World in 80 Thousand Park,37.8297067,32.4149518,"Durunday, Dutlu Cd. No:139, 42140 Meram/Konya, Türkiye",4.6,8663
Konya,Konya Science Center,37.9878382,32.5927663,"Büyükkayacık, Ankara Cd. No:292, 42250 Selçuklu/Konya, Türkiye",4.6,7208
Konya,Selimiye Mosque,37.870505,32.5039023,"Aziziye, Müze Alanı Cd. No:5, 42030 Karatay/Konya, Türkiye",4.8,1640
Konya,Culture Park,37.8751151,32.4891489,"Ferhuniye, Fuar Alanı 4 D, 42060 Selçuklu/Konya, Türkiye",4.3,18076
Konya,Mevlana Meydanı,37.870807,32.5036811,"Aziziye, Selimiye Cami No:3, 42030 Karatay/Konya, Türkiye",4.7,432
Konya,Karatay Belediyesi Hayvanat Bahçesi,37.8768574,32.5502077,"Fetih, Saadet Cd. No:2, 42030 Karatay/Konya, Türkiye",4.0,5798
Konya,Kyoto Japanese Park,37.9784753,32.5185385,"Kosova, Veysel Karani Cd. No:131/A, 42250 Selçuklu/Konya, Türkiye",4.4,15168
Konya,Karatay Madrasa,37.8748656,32.4929594,"Ferhuniye, 42040 Selçuklu/Konya, Türkiye",4.6,1658
Konya,Karatay Şehir Parkı,37.8733508,32.5512324,"Fetih, Karatay Bld. Karavan Parkı, 42030 Karatay/Konya, Türkiye",4.3,5260
Konya,Akyokus Park,37.8802778,32.42583330000001,"Yunus Emre, Yunus Emre Mah. Beyşehir Çevre Yolu, Tıpfakültesi, Enes Sk. No:7/B, 42080 Meram/Konya, Türkiye",4.5,2092
Konya,Shams of Tabriz Mosque and Tomb,37.8736757,32.4974908,"Şemsitebrizi, Şems Cd., 42030 Karatay/Konya, Türkiye",4.7,4351
Konya,Sahip Ata Museum,37.867578,32.494342,"Sahibiata, 42200 Meram/Konya, Türkiye",4.6,744
Konya,KONYA MERAM BAĞLARI,37.8526815,32.4201707,"Yorgancı, 42005 Meram/Konya, Türkiye",4.3,3626
Konya,Karaaslan Hadimi Park,37.8089835,32.516714,"Karaaslan Aybahçe, Fidanlık Cd. No:15, 42010 Meram/Konya, Türkiye",4.3,3951
Konya,Gedavet Park,37.8705144,32.4856248,"Abdülaziz, Hocahasan Sk. No:1, 42040 Meram/Konya, Türkiye",4.1,2373
Konya,Sırçalı Medrese,37.870049,32.494018,"Sahibiata, Şube Sk. No:2, 42040, 42040 Meram/Konya, Türkiye",4.3,711
Kayseri,Kayseri Castle,38.7211992,35.4885447,"Cumhuriyet, Nazmi Toker Cd. No:2, 38350 Melikgazi/Kayseri, Türkiye",4.4,14018
Kayseri,Seljuk Civilization Museum,38.7242255,35.4844718,"Gevhernesibe, Tekin Sk. No:13, 38010 Kocasinan/Kayseri, Türkiye",4.6,2294
Kayseri,Mazakaland Entertainment Center,38.7659611,35.5643711,"Cırgalan Mahallesi Sivas cad. 7. km, Kumarlı mevkii No:439, 38110 Kocasinan/Kayseri, Türkiye",3.9,8680
Kayseri,Ercİyes Ski Resort,38.538985,35.5266161,"Hisarcık Erciyes, 38220 Melikgazi/Kayseri, Türkiye",4.6,20075
Kayseri,Kayseri Zoo,38.770572,35.5592455,"Cırgalan, 359. Sk. No:57, 38110 Kocasinan/Kayseri, Türkiye",4.2,3249
Kayseri,Ataturk House Museum,38.7190437,35.4904719,"Cumhuriyet, Mevlevi Cd. No:36, 38350 Melikgazi/Kayseri, Türkiye",4.6,1471
Kayseri,The National Struggle Museum,38.716624,35.488983,"Tacettin Veli, İnönü Blv. No:72, 38050 Melikgazi/Kayseri, Türkiye",4.8,1136
Kayseri,Kayseri Clock Tower,38.7220534,35.488042,"Gesi Kuzey, Cumhuriyet Meydani, 38180 Melikgazi/Kayseri, Türkiye",4.6,367
Kayseri,Seyir Tepesi,38.679575,35.5317217,"Erenköy, Meşedibi Sk. No:37, 38050 Melikgazi/Kayseri, Türkiye",4.3,269
Kayseri,Agirnas Underground City,38.813443,35.7164,"Ağırnas Mahallesi 38225 yeraltı şehri, 38225 Melikgazi/Kayseri, Türkiye",4.4,914
Kayseri,Koramaz Vadisi,38.8135214,35.7158279,"Ağırnas, 38225 Melikgazi/Kayseri, Türkiye",4.5,923
Kayseri,Sahabiye Madrasa,38.7232334,35.4870253,"Sahabiye, Ahmet Paşa Cd. 1 A, 38010 Kocasinan/Kayseri, Türkiye",4.4,418
Kayseri,Doner Dome,38.714027,35.4957656,"Seyitgazi, Seyyid Burhanettin Blv. 57 A, 38030 Melikgazi/Kayseri, Türkiye",4.5,918
Kayseri,TARİHİ OSMANLI SOKAĞI MEKANLARI,38.6883631,35.5581333,"Kiçiköy, 38280 Talas/Kayseri, Türkiye",4.3,610
Kayseri,Barış Manço Parkı,38.72914100000001,35.4937799,"Serçeönü, Çankaya Cd. No:36, 38015 Kocasinan/Kayseri, Türkiye",4.0,1015
Kayseri,Fosil,38.9262914,35.4230104,"Erkilet Taşhan, 38100 Kocasinan/Kayseri, Türkiye",4.7,22
Kayseri,Amir Shahab Tomb,38.7203085,35.4956713,"Hunat, Kıbrıs Şehitleri Cd. 2 A, 38030 Melikgazi/Kayseri, Türkiye",4.5,37
Kayseri,Ali Mountain,38.662547,35.553857,"Harman Mh., 38280 Talas/Kayseri, Türkiye",4.4,133
Mugla,Muğla Clock Tower,37.21788290000001,28.3655836,"Emirbeyazıt, Atatürk Blv. No:17, 48000 Muğla Merkez/Muğla, Türkiye",4.4,156
Mugla,Orak Island Bay,36.9736726,27.5964643,"Orak Adası, 48440 Bodrum/Muğla, Türkiye",4.8,1071
Mugla,Muğla Ulu Camii,37.21913970000001,28.3652975,"Camikebir, Fabrika Sk. No:6, 48000 Muğla Merkez/Muğla, Türkiye",4.6,69
Mugla,Marmaris Castle and Archeology Museum,36.8505514,28.2742787,"Tepe, 30. Sk No:54, 48700 Marmaris/Muğla, Türkiye",4.6,12486
Mugla,Toparlar Waterfall,36.9974135,28.6329403,"Toparlar, 48804 Köyceğiz/Muğla, Türkiye",4.4,929
Mugla,Bodrum Castle,37.0317978,27.4291652,"Çarşı, Kale Cd., 48400 Bodrum/Muğla, Türkiye",4.5,22468
Mugla,Akyaka River Romp,37.0500955,28.3274454,"Akyaka, 48650 Ula/Muğla, Türkiye",4.7,7733
Mugla,Afife Kuyusu,37.192528,28.388045,"Orhaniye, 48000 Muğla Merkez/Muğla, Türkiye",4.2,26
Mugla,Muğla Museum,37.217386,28.368008,"Müştakbey, Eski Postane Cad., 48000 Muğla Merkez/Muğla, Türkiye",4.3,401
Nevsehir,Nevşehir Castle,38.619644,34.712518,"Eskili Mahallesi, Kale Sk. No:24, 50200 Nevşehir Merkez/Nevşehir, Türkiye",4.6,1579
Nevsehir,Goreme Historical National Park,38.6531191,34.8633084,"Yukarı Kızılçukur Vadisi, 50500 Ürgüp/Nevşehir, Türkiye",4.7,21948
Nevsehir,Imagination Valley,38.6724669,34.885426,"devrent mevkii no:1, 50500 Aktepe/Avanos/Nevşehir, Türkiye",4.7,6175
Nevsehir,Cappadocia,38.65618449999999,34.8522092,"2. Küme, Kapadokya Yürüyüş Yolu, 50500 Çavuşin/Avanos/Nevşehir, Türkiye",4.8,36
Nevsehir,Love Valley,38.6606431,34.8196919,"İsali - Gaferli - Avcılar, 50180 Göreme/Nevşehir Merkez/Nevşehir, Türkiye",4.7,13155
Nevsehir,Cappadocia National Park,38.6576627,34.8551788,"2. Küme, 50502 Çavuşin/Avanos/Nevşehir, Türkiye",4.9,18
Nevsehir,Balloon view,38.6506359,34.8408665,"İsali - Gaferli - Avcılar, MR2R+78, 50180 Göreme/Nevşehir Merkez/Nevşehir, Türkiye",4.9,366
Nevsehir,Pigeon Valley,38.6203802,34.8046945,"Göreme No:24, 50180 Nevşehir Merkez/Nevşehir, Türkiye",4.6,14733
Nevsehir,Fairy Chimneys Tourism Information,38.6291311,34.8043365,"Tekelli, Göreme-Uçhisar Yolu 3. Km, 50300 Uçhisar/Nevşehir Merkez/Nevşehir, Türkiye",4.7,296
Nevsehir,Uchisar Castle,38.6301476,34.8055857,"Tekelli, 50240 Uçhisar/Nevşehir Merkez/Nevşehir, Türkiye",4.6,25281
Nevsehir,Panorama View,38.6452022,34.821053,"Aydınlı - Orta, JRWC+3C, 50180 Göreme/Nevşehir Merkez/Nevşehir, Türkiye",4.7,346
Nevsehir,Zelve Open Air Museum,38.6692536,34.8633077,"Aydınlı Mahallesi, Yavuz Sk. No:1 No:1, 50180 Aktepe/Avanos/Nevşehir, Türkiye",4.7,7168
Nevsehir,Cappadocia,38.6496103,34.8354581,"İsali - Gaferli - Avcılar, 50180 Göreme/Nevşehir Merkez/Nevşehir, Türkiye",4.9,37
Nevsehir,Paşabağları Müze ve Örenyeri,38.6771901,34.85304,"1. Küme, Zelve Yolu, 50500 Çavuşin/Avanos/Nevşehir, Türkiye",4.7,22061
Nevsehir,Hot Air Balloon base,38.6550347,34.8102037,"Tekelli, MR46+23, 50240 Uçhisar/Nevşehir Merkez/Nevşehir, Türkiye",4.9,161
Nevsehir,Pigeon Valley,38.6323939,34.8089082,"Aşağı, Adnan Menderes Cd., 50240 Uçhisar/Nevşehir Merkez/Nevşehir, Türkiye",4.5,38
Nevsehir,Uchisar Photo spot,38.6329132,34.8037678,"Tekelli, JRM3+5G, 50240 Uçhisar/Nevşehir Merkez/Nevşehir, Türkiye",4.7,195
Nevsehir,Ortahisar Castle,38.6203575,34.8646507,"Esentepe, Resul Bey Sk., 50650 Ortahisar/Ürgüp/Nevşehir, Türkiye",4.5,5417
Nevsehir,Kizilcukur Valley(Gun batimi),38.6531327,34.8620569,"Yukarı Kızılçukur Vadisi, 50500 Ürgüp/Nevşehir, Türkiye",4.7,4187
Nevsehir,Sword Valley,38.6494197,34.8419596,"İsali - Gaferli - Avcılar, JRXR+QQ, 50180 Göreme/Nevşehir Merkez/Nevşehir, Türkiye",4.8,39
Trabzon,Zagnos Valley Park,41.0039718,39.7182714,"Gülbaharhatun, Şenol Güneş Cd. No:15, 61040 Trabzon Merkez/Trabzon, Türkiye",4.2,3941
Trabzon,Trabzon Botanical Garden,40.986142,39.7087841,"Çamoba, 61000 Ortahisar/Trabzon, Türkiye",4.5,5132
Trabzon,Altindere Valley National Park,40.6938741,39.65916929999999,"Merkez Mahallesi, Atatürk Cd. No:41, 61750 Maçka/Trabzon, Türkiye",4.4,6362
Trabzon,Trabzon City Museum,41.00595680000001,39.7280376,"Kemerkaya, Kahramanmaraş Cd. No:14, 61200 Ortahisar/Trabzon, Türkiye",4.5,932
Trabzon,Gulbahar Hatun Mosque,41.0033767,39.7162229,"Gülbaharhatun, Şenol Güneş Cd. No:17, 61040 Trabzon Merkez/Ortahisar/Trabzon, Türkiye",4.7,577
Trabzon,Girls Monastery,40.9979823,39.7285336,"Boztepe, Merkez, Mht. Coşkun Karaağaçlı Cd. No:30, 61030 Ortahisar/Trabzon, Türkiye",4.1,780
Trabzon,Trabzon History Museum,41.0050183,39.7211763,"Ortahisar, 8, Sarayatik Cami Sk., 61030 Trabzon Merkez, Türkiye",4.2,425
Trabzon,Cal Cave,40.86519620000001,39.3795313,"Çalköy, 61390 Düzköy/Trabzon, Türkiye",4.4,8359
Trabzon,Kanuni Evi,41.0047124,39.71888819999999,"Ortahisar, Zağnos Cd. 21 A, 61030 Trabzon Merkez/Trabzon, Türkiye",4.4,432
Trabzon,Sümela Monastery,40.6901226,39.6583949,"Altındere, Altindere Valley National Park, 61750 Maçka/Trabzon, Türkiye",4.1,14438
Trabzon,Sultan Murat Plateau,40.6437129,40.1509204,"Ataköy, J5V2+8H, 61940 Çaykara/Trabzon, Türkiye",4.5,6998
Trabzon,Meydan,41.0055466,39.7314585,"İskenderpaşa, Belediye Cd. NO:25, 61100 Ortahisar/Trabzon, Türkiye",4.5,1473
Trabzon,Bay Panorama,41.0085787,39.7332437,"İskenderpaşa, Devlet Sahil Yolu Cd. 3/D, 61100 Ortahisar/Trabzon, Türkiye",4.8,4
Trabzon,ممشى ومطل طرابزون Walkway and Trabzon view,40.99749569999999,39.7290734,"Boztepe, İran Cd. No:170, 61030 Trabzon Merkez/Trabzon, Türkiye",4.6,177
Trabzon,100th Anniversary Park,41.000324,39.7653811,"Kalkınma, 61080 Trabzon Merkez/Trabzon, Türkiye",4.3,977
Trabzon,Boztepe Yürüyüş Yolu ve Seyir Terası,40.9977633,39.729373,"Boztepe, İran Cd., 61000 boztepe/Trabzon, Türkiye",4.6,239
Trabzon,Kalyan lake,40.856139,39.697614,"Merkez, VM4X+F2, 61770 Maçka/Trabzon, Türkiye",4.2,42
Trabzon,trabzontourism,41.0059545,39.7224257,"No:19 çarşı mahallesi tabakhane sokak Anadolu işhanı، no 19، 61040 Ortahisar/Trabzon, Türkiye",4.3,85
Trabzon,Hıdırnebi Yaylası,40.9552347,39.4325845,"Kuruçam, Hidirnebi Yaylasi, 61300 Akçaabat/Trabzon, Türkiye",4.5,8735
Trabzon,Karadag,41.00145,39.7177999,"Çarşı, Balık Pazarı Sok. No:29, 61030 Trabzon Merkez/Trabzon, Türkiye",4.7,18
Trabzon,İsmail Hakkı Berkmen Tarih Merkezi,41.00450590000001,39.7169124,"Gülbaharhatun, 61040 Trabzon Merkez/Trabzon, Türkiye",3.9,14
Trabzon,Abdülhamit Çeşmesi,41.0069394,39.7350716,"İskenderpaşa, Trabzon Limanı No:45, 61100 Trabzon Merkez/Trabzon, Türkiye",3.3,3
Trabzon,Kaymaklı Manastırı,40.9818568,39.7444907,"Çukurçayır, 61000 Trabzon Merkez/Trabzon, Türkiye",3.4,65
Trabzon,Trabzon Castle,41.0010754,39.718927,"Ortahisar, Burç Sk. No:10, 61030 Trabzon Merkez/Trabzon, Türkiye",3.9,1379
Trabzon,Eyof Park,41.0015812,39.761026,"Kalkınma, 61080 Trabzon Merkez/Trabzon, Türkiye",4.3,1523
Trabzon,Boztepe Observation Deck,40.9991607,39.7339178,"Esentepe, 412. Sk. No:17, 61220 Trabzon Merkez/Trabzon, Türkiye",4.3,426
Trabzon,Taşhan,41.0072648,39.7238924,"Çarşı, Paşahamam Gç. No:6, 61200 Trabzon Merkez/Trabzon, Türkiye",4.3,4
